Tip,name,tip.name,clade,sub_clade,sub_clade2,Range_alphabet,Range_alphabet2,Range_alphabet3
Myri-fragr-PAFTOL,Myristica fragrans,Myristica fragrans,Outgroup,,,NA,,
Magn-grand-PAFTOL,Magnolia grandiflora,Magnolia grandiflora,Outgroup,,,NA,,
Idio-austr-PAFTOL,Idiospermum australiense,Idiospermum australiense,Outgroup,,,NA,,
Caly-flori-PAFTOL,Calycanthus floridus,Calycanthus floridus,Outgroup,,,NA,,
Chim-salic-PAFTOL,Chimonanthus salicifolius,Chimonanthus salicifolius,Outgroup,,,NA,,
Sipa-guian-PAFTOL,Siparuna guianensis,Siparuna guianensis,Outgroup,,,NA,,
Gomo-keule-PAFTOL,Gomortega keule,Gomortega keule,Outgroup,,,NA,,
Athe-mosch-PAFTOL,Atherosperma moschatum,Atherosperma moschatum,Outgroup,,,NA,,
Spar-botoc-PAFTOL,Sparattanthelium botocudorum,Sparattanthelium botocudorum,Outgroup,,,NA,,
Hern-nymph-PAFTOL,Hernandia nymphaeifolia,Hernandia nymphaeifolia,Outgroup,,,NA,,
Moll-gilgi-PAFTOL,Mollinedia gilgiana,Mollinedia gilgiana,Outgroup,,,NA,,
Tamb-ficus-PAFTOL,Tambourissa ficus,Tambourissa ficus,Outgroup,,,NA,,
Peum-boldu-PAFTOL,Peumus boldus,Peumus boldus,Outgroup,,,NA,,
Moni-rotun-PAFTOL,Monimia rotundifolia,Monimia rotundifolia,Outgroup,,,NA,,
Cass-filif-PAFTOL,Cassytha filiformis,Cassytha filiformis,Outgroup,,,NA,,
Neoc-cauda-PAFTOL,Neocinnamomum caudatum,Neocinnamomum caudatum,Outgroup,,,NA,,
Cary-tonki-PAFTOL,Caryodaphnopsis tonkinensis,Caryodaphnopsis tonkinensis,Outgroup,,,NA,,
Mezi-ita-uba-PAFTOL,Mezilaurus ita-uba,Mezilaurus ita-uba,Outgroup,,,NA,,
Laur-nobil-PAFTOL,Laurus nobilis,Laurus nobilis,Outgroup,,,NA,,
Cinn-camph-PAFTOL,Cinnamomum camphora,Cinnamomum camphora,Outgroup,,,NA,,
Phoe-lance-PAFTOL,Phoebe lanceolata,Phoebe lanceolata,Outgroup,,,NA,,
Deha-haina-PAFTOL,Dehaasia hainanensis,Dehaasia hainanensis,Outgroup,,,NA,,
Noth-umbel-PAFTOL,Nothaphoebe umbelliflora,Nothaphoebe umbelliflora,Outgroup,,,NA,,
Pers-borbo-PAFTOL,Persea borbonia,Persea borbonia,Outgroup,,,NA,,
Alse-petio-PAFTOL,Alseodaphnopsis petiolaris,Alseodaphnopsis petiolaris,Outgroup,,,NA,,
Mach-salic-PAFTOL,Machilus salicinus,Machilus salicinus,Outgroup,,,NA,,
Endi-puben-762AL1,Endiandra pubens,E. pubens,Beilschmiedia complex,Endiandra,,F,I,
Endi-lecar-804AL1,Endiandra lecardii,E. lecardii,Beilschmiedia complex,Endiandra,,G,,
Endi-poueb-761AL1,Endiandra pouboensis,E. pouboensis,Beilschmiedia complex,Endiandra,,G,,
Endi-palme-805AL1,Endiandra palmerstonii,E. palmerstonii,Beilschmiedia complex,Endiandra,,F,,
Endi-xanth-766AL1,Endiandra xanthocarpa,E. xanthocarpa,Beilschmiedia complex,Endiandra,,F,,
Endi-phaeo-767AL1,Endiandra phaeocarpa,E. phaeocarpa,Beilschmiedia complex,Endiandra,,F,,
Endi-sanke-763AL1,Endiandra sankeyana,E. sankeyana,Beilschmiedia complex,Endiandra,,F,,
Endi-pilos-760AL1,Endiandra pilosa cf.,E. cf. pilosa,Beilschmiedia complex,Endiandra,,G,,
Endi-impre-801AL1,Endiandra impressicosta,E. impressicosta,Beilschmiedia complex,Endiandra,,F,G,
Endi-macro-PAFTOL,Endiandra macrophylla,E. macrophylla,Beilschmiedia complex,Endiandra,,G,H,
Beil-yunna-731AL1,Huang JYL-3138 cf. B. yunnanensis,Huang JYL-3138,Beilschmiedia complex,Endiandra,,H,,
Endi-sulav-765AL1,Endiandra sulavesiana,E. sulavesiana,Beilschmiedia complex,Endiandra,,G,,
Endi-scrob-764AL1,Endiandra scrobiculata,E. scrobiculata,Beilschmiedia complex,Endiandra,,G,H,
Beil-fulva-695AL1,Beilschmiedia fulva,B. fulva,Beilschmiedia complex,African-Malagasy,African,D,,
Beil-ugand-728AL1,Beilschmiedia ugandensis,B. ugandensis,Beilschmiedia complex,African-Malagasy,African,D,,
Beil-manni-707AL1,Beilschmiedia mannii,B. mannii,Beilschmiedia complex,African-Malagasy,African,D,,
Beil-sary-720AL1,Beilschmiedia sary,B. sary,Beilschmiedia complex,African-Malagasy,Malagasy,E,,
Beil-morat-709AL1,Beilschmiedia moratii,B. moratii,Beilschmiedia complex,African-Malagasy,Malagasy,E,,
Beil-pedic-711AL1,Beilschmiedia pedicellata,B. pedicellata,Beilschmiedia complex,African-Malagasy,Malagasy,E,,
Beil-seric-721AL1,Beilschmiedia sericans,B. sericans,Beilschmiedia complex,African-Malagasy,Malagasy,E,,
Beil-velut-729AL1,Beilschmiedia velutina,B. velutina,Beilschmiedia complex,African-Malagasy,Malagasy,E,,
Beil-rugos-719AL1,Beilschmiedia rugosa,B. rugosa,Beilschmiedia complex,African-Malagasy,Malagasy,E,,
Beil-madag-704AL1,Beilschmiedia madagascariensis,B. madagascariensis,Beilschmiedia complex,African-Malagasy,Malagasy,E,,
Pota-micro-770AL1,Potameia microphylla,Potameia microphylla,Beilschmiedia complex,African-Malagasy,Potameia,E,,
Pota-confl-769AL1,Potameia confluens,Potameia confluens,Beilschmiedia complex,African-Malagasy,Potameia,E,,
Pota-obtus-772AL1,Potameia obtusifolia,Potameia obtusifolia,Beilschmiedia complex,African-Malagasy,Potameia,E,,
Beil-tarai-723AL1,Beilschmiedia tarairi,B. tarairi,Beilschmiedia complex,Large geographical heterogenous,,I,,
Beil-volck-730AL1,Beilschmiedia volckii,B. volckii,Beilschmiedia complex,Large geographical heterogenous,,F,,
Endi-jones-802AL1,van der Werff 17025 cf. E. jonesii,van der Werff 17025,Beilschmiedia complex,Large geographical heterogenous,,F,,
Beil-tawar-725AL1,Beilschmiedia tawaroa,B. tawaroa,Beilschmiedia complex,Large geographical heterogenous,,I,,
Beil-tawa-742AL1,Beilschmiedia tawa,B. tawa,Beilschmiedia complex,Large geographical heterogenous,,I,,
Beil-berte-689AL1,Beilschmiedia berteroana,B. berteroana,Beilschmiedia complex,Large geographical heterogenous,,A,,
Beil-miers-708AL1,Beilschmiedia miersii,B. miersii,Beilschmiedia complex,Large geographical heterogenous,,A,,
Beil-emarg-693AL1,Beilschmiedia emarginata,B. emarginata,Beilschmiedia complex,Large geographical heterogenous,,A,B,
Beil-linha-701AL1,Beilschmiedia linharensis,B. linharensis,Beilschmiedia complex,Large geographical heterogenous,,B,,
Synd-chine-PAFTOL,Syndiclis chinensis,Syndiclis chinensis,Beilschmiedia complex,Large geographical heterogenous,Syndiclis-Sinopora,H,,
Sino-hongk-774AL1,Sinopora hongkongensis,Sinopora hongkongensis,Beilschmiedia complex,Large geographical heterogenous,Syndiclis-Sinopora,H,,
Synd-kwang-775AL1,Syndiclis kwangsienses,Syndiclis kwangsienses,Beilschmiedia complex,Large geographical heterogenous,Syndiclis-Sinopora,H,,
Synd-marli-776AL1,Syndiclis marlipoensis,Syndiclis marlipoensis,Beilschmiedia complex,Large geographical heterogenous,Syndiclis-Sinopora,H,,
Beil-tilar-726AL1,Beilschmiedia tilaranensis,B. tilaranensis,Beilschmiedia complex,Large geographical heterogenous,,B,,
Beil-latif-699AL1,Beilschmiedia latifolia,B. latifolia,Beilschmiedia complex,Large geographical heterogenous,,A,B,
Beil-tungf-727AL1,Beilschmiedia tungfangensis,B. tungfangensis,Beilschmiedia complex,Large geographical heterogenous,,H,,
Beil-brene-691AL1,Beilschmiedia brenesii,B. brenesii,Beilschmiedia complex,Large geographical heterogenous,,B,,
Beil-dicty-692AL1,Beilschmiedia dictyoneura,B. dictyoneura,Beilschmiedia complex,Large geographical heterogenous,Indian-Indochinese,G,H,
Beil-tsang-PAFTOL,Beilschmiedia tsangii,B. tsangii,Beilschmiedia complex,Large geographical heterogenous,Indian-Indochinese,H,,
Beil-pauci-710AL1,Beilschmiedia pauciflora,B. pauciflora,Beilschmiedia complex,Large geographical heterogenous,Indian-Indochinese,H,,
Beil-roxbu-717AL1,Beilshmiedia roxburghiana,B. roxburghiana,Beilschmiedia complex,Large geographical heterogenous,Indian-Indochinese,H,,
Beil-appen-688AL1,Beilschmiedia appendiculata,B. appendiculata,Beilschmiedia complex,Large geographical heterogenous,Indian-Indochinese,H,,
Beil-brach-690AL1,Beilschmiedia brachythyrsa,B. brachythyrsa,Beilschmiedia complex,Large geographical heterogenous,Indian-Indochinese,H,,
Beil-purpu-714AL1,Beilschmiedia purpurascens,B. purpurascens,Beilschmiedia complex,Large geographical heterogenous,Indian-Indochinese,H,,
Beil-rufoh-718AL1,Beilschmiedia rufohirtella,B. rufohirtella,Beilschmiedia complex,Large geographical heterogenous,Indian-Indochinese,H,,
Beil-fasci-694AL1,Beilschmiedia fasciata,B. fasciata,Beilschmiedia complex,Large geographical heterogenous,Indian-Indochinese,H,,
Beil-linoc-702AL1,Beilschmiedia linocieroides,B. linocieroides,Beilschmiedia complex,Large geographical heterogenous,Indian-Indochinese,H,,
Beil-furfu-696AL1,Beilschmiedia furfuracea,B. furfuracea,Beilschmiedia complex,Large geographical heterogenous,Indian-Indochinese,H,,
Beil-macro-703AL1,Beilschmiedia macropoda,B. macropoda,Beilschmiedia complex,Large geographical heterogenous,Indian-Indochinese,H,,
Beil-hengh-697AL1,Beilschmiedia henghsienensis,B. henghsienensis,Beilschmiedia complex,Large geographical heterogenous,Indian-Indochinese,H,,
Beil-robus-715AL1,Beilschmiedia robusta,B. robusta,Beilschmiedia complex,Large geographical heterogenous,Indian-Indochinese,H,,
Beil-per-C-713AL1,Beilschmiedia percoriacea var. ciliata,B. percoriacea var. ciliata,Beilschmiedia complex,Large geographical heterogenous,Indian-Indochinese,H,,
Beil-perco-712AL1,Beilschmiedia percoriacea,B. percoriacea,Beilschmiedia complex,Large geographical heterogenous,Indian-Indochinese,H,,
Cryp-alba-800AL1,Cryptocarya alba,C. alba,Cryptocarya,amphi-Pacific,,A,I,
Cryp-oubat-741AL1,Cryptocarya conduplicata,C. conduplicata,Cryptocarya,amphi-Pacific,,G,,
Cryp-rhodo-784AL1,Cryptocarya rhodosperma,C. rhodosperma,Cryptocarya,amphi-Pacific,,F,,
Cryp-citri-751AL1,Cryptocarya citriformis,C. citriformis,Cryptocarya,Neotropical,,B,,
Cryp-salig-788AL1,Cryptocarya saligna,C. saligna,Cryptocarya,Neotropical,,B,,
Cryp-riede-785AL1,Cryptocarya riedeliana,C. riedeliana,Cryptocarya,Neotropical,,B,,
Cryp-mosch-739AL1,Cryptocarya moschata,C. moschata,Cryptocarya,Neotropical,,A,B,
Cryp-sello-789AL1,Cryptocarya sellowiana,C. sellowiana,Cryptocarya,Neotropical,,B,,
Cryp-botel-748AL1,Cryptocarya botelhensis,C. botelhensis,Cryptocarya,Neotropical,,B,,
Cryp-micra-738AL1,Cryptocarya micrantha,C. micrantha,Cryptocarya,Neotropical,,B,,
Cryp-mandi-735AL1,Cryptocarya mandioccana,C. mandioccana,Cryptocarya,Neotropical,,A,B,
Cryp-asche-747AL1,Cryptocarya aschersoniana,C. aschersoniana,Cryptocarya,Neotropical,,A,B,
Cryp-vello-796AL1,Cryptocarya velloziana,C. velloziana,Cryptocarya,Neotropical,,B,,
Cryp-chine-750AL1,Cryptocarya chinensis,C. chinensis,Cryptocarya,Indian-Indochinese-Malesian,,H,J,
Cryp-densi-753AL1,Cryptocarya densiflora,C. densiflora,Cryptocarya,Indian-Indochinese-Malesian,,F,G,H
Cryp-lepto-759AL1,Cryptocarya leptospermoides,C. leptospermoides,Cryptocarya,Indian-Indochinese-Malesian,,G,,
Cryp-horne-757AL1,Cryptocarya horneii,C. horneii,Cryptocarya,Indian-Indochinese-Malesian,,G,,
Cryp-fusca-755AL1,Cryptocarya fusca,C. fusca,Cryptocarya,Indian-Indochinese-Malesian,,G,,
Cryp-ampl-746AL1,Cryptocarya ampla,C. ampla,Cryptocarya,Indian-Indochinese-Malesian,,G,H,
Cryp-niten-740AL1,Cryptocarya nitens,C. nitens,Cryptocarya,Indian-Indochinese-Malesian,,G,H,
Cryp-pauci-779AL1,Cryptocarya depauperata,C. depauperata,Cryptocarya,Indian-Indochinese-Malesian,,H,,
Cryp-medic-736AL1,Cryptocarya medicinalis,C. medicinalis,Cryptocarya,Indian-Indochinese-Malesian,,G,,
Cryp-albi-745AL1,Cryptocarya albida,C. albida,Cryptocarya,Indian-Indochinese-Malesian,Indian-Indochinese,G,H,
Cryp-ferre-754AL1,Cryptocarya ferrea,C. ferrea,Cryptocarya,Indian-Indochinese-Malesian,Indian-Indochinese,G,H,
Cryp-yunna-799AL1,Cryptocarya yunnanensis,C. yunnanensis,Cryptocarya,Indian-Indochinese-Malesian,Indian-Indochinese,H,,
Cryp-acuti-743AL1,Cryptocarya acutifolia,C. acutifolia,Cryptocarya,Indian-Indochinese-Malesian,Indian-Indochinese,H,,
Cryp-calci-749AL1,Cryptocarya calcicola,C. calcicola,Cryptocarya,Indian-Indochinese-Malesian,Indian-Indochinese,H,,
Cryp-conci-752AL1,Cryptocarya concinna,C. concinna,Cryptocarya,Indian-Indochinese-Malesian,Indian-Indochinese,H,,
Cryp-rolle-787AL1,Cryptocarya rolletii,C. rolletii,Cryptocarya,Indian-Indochinese-Malesian,Indian-Indochinese,H,,
Cryp-haina-756AL1,Cryptocarya hainanensis,C. hainanensis,Cryptocarya,Indian-Indochinese-Malesian,Indian-Indochinese,H,,
Cryp-thou-794AL1,Cryptocarya thouvenotii,C. thouvenotii,Cryptocarya,African-Malagasy,Malagasy,E,,
Cryp-krame-758AL1,Cryptocarya krameri,C. krameri,Cryptocarya,African-Malagasy,Malagasy,E,,
Cryp-subtr-793AL1,Cryptocarya subtriplinervia,C. subtriplinervia,Cryptocarya,African-Malagasy,Malagasy,E,,
Cryp-ovali-778AL1,Cryptocarya ovalifolia,C. ovalifolia,Cryptocarya,African-Malagasy,Malagasy,E,,
Cryp-rigid-786AL1,Cryptocarya rigidifolia,C. rigidifolia,Cryptocarya,African-Malagasy,Malagasy,E,,
Cryp-spath-791AL1,Cryptocarya spathulata,C. spathulata,Cryptocarya,African-Malagasy,Malagasy,E,,
Cryp-litor-733AL1,Cryptocarya litoralis,C. litoralis,Cryptocarya,African-Malagasy,Malagasy,E,,
Cryp-pervi-780AL1,Cryptocarya pervillei,C. pervillei,Cryptocarya,African-Malagasy,Malagasy,E,,
Cryp-polyn-783AL1,Cryptocarya polyneura,C. polyneura,Cryptocarya,African-Malagasy,Malagasy,E,,
Cryp-wylie-798AL1,Cryptocarya wyliei,C. wyliei,Cryptocarya,African-Malagasy,African,C,D,
Cryp-woodi-797AL1,Cryptocarya woodii,C. woodii,Cryptocarya,African-Malagasy,African,C,D,
Cryp-trans-795AL1,Cryptocarya transvaalensis,C. transvaalensis,Cryptocarya,African-Malagasy,African,C,D,
Cryp-liebe-732AL1,Cryptocarya liebertiana,C. liebertiana,Cryptocarya,African-Malagasy,African,D,,
Eusi-zwage-768AL1,Eusideroxylon zwageri,Eusideroxylon zwageri,Aspidostemon-Eusideroxylon-Potoxylon,,Eusideroxylon,G,,
Poto-melag-773AL1,Potoxylon melagangai,Potoxylon melagangai,Aspidostemon-Eusideroxylon-Potoxylon,,Potoxylon,G,,
Aspi-fungi-686AL1,Aspidostemon fungiformis,Aspidostemon fungiformis,Aspidostemon-Eusideroxylon-Potoxylon,,Aspidostemon,E,,
Aspi-parvi-687AL1,Aspidostemon parvifolium,Aspidostemon parvifolium,Aspidostemon-Eusideroxylon-Potoxylon,,Aspidostemon,E,,